Designator,Footprint,Quantity,Value,LCSC Part #
U1,SOIC-16_3.9x9.9mm_P1.27mm,1,74HC595,C5947
C2,C_0402_1005Metric,1,"0402,100nF,50V,X7R ",C307331
R2,R_0805_2012Metric,1,"0805,0",C17477
C6,C_0402_1005Metric,1,"0402,100nF,50V,X7R ",C307331
R4,R_0402_1005Metric,1,"0402,1k",C11702
C4,C_Radial_D6.3mm_H11.0mm_P2.50mm,1,330uF/16V,
R6,R_0402_1005Metric,1,"0402,7.5k",C25918
J1,PinHeader_1x07_P2.54mm_Horizontal,1,DOUT,
J2,PinSocket_1x07_P2.54mm_Horizontal,1,DIN,
H2,MountingHole_2.2mm_M2_DIN965_Pad,1,MountingHole,
R5,R_0402_1005Metric,1,"0402,1k",C11702
L1,L_10.4x10.4_H4.8,1,33uH/3A,C225031
D4,LED_0603_1608Metric,1,LED,C2290
C1,C_Radial_D6.3mm_H11.0mm_P2.50mm,1,120uF/25V,
C5,C_0402_1005Metric,1,"0402,1uF,25V,X5R ",C52923
D3,LED_0603_1608Metric,1,LED,C2290
U4,SOT-23,1,AO3400A,C347475
U7,SOT-23,1,AO3400A,C347475
F1,Fuse_1812_4532Metric,1,3A,
H4,MountingHole_2.2mm_M2_DIN965_Pad,1,MountingHole,
U3,SOT-23,1,AO3400A,C347475
J4,PinSocket_1x20_P2.54mm_Horizontal,1,Conn_01x20_Female,
J3,JST_S04B-PASK-2(LF)(SN),1,Conn_01x04,
U9,SOT-23,1,AO3400A,C347475
C3,C_0402_1005Metric,1,"0402,1nF,50V,X7R ",C1523
H1,MountingHole_2.2mm_M2_DIN965_Pad,1,MountingHole,
R1,R_0402_1005Metric,1,DNP,
U2,SOT-23,1,AO3400A,C347475
U5,SOT-23,1,AO3400A,C347475
U6,SOT-23,1,AO3400A,C347475
U10,TO-263-5_TabPin3,1,LM2596S-ADJ,
R3,R_0402_1005Metric,1,"0402,1k",C11702
D2,LED_0603_1608Metric,1,LED,C2290
U8,SOT-23,1,AO3400A,C347475
H3,MountingHole_2.2mm_M2_DIN965_Pad,1,MountingHole,
D1,D_SMA,1,SS54,C22452
R7,R_0402_1005Metric,1,"0402,4.7k",C25900
