Designator,Footprint,Quantity,Value,LCSC Part #
D16,LED_PLCC_2835,1,LED,
D15,LED_PLCC_2835,1,LED,
D17,LED_PLCC_2835,1,LED,
D3,LED_PLCC_2835,1,LED,
R4,R_2512_6332Metric,1,Rs,
D6,LED_PLCC_2835,1,LED,
R6,R_2512_6332Metric,1,Rs,
R9,R_2512_6332Metric,1,Rs,
D10,LED_PLCC_2835,1,LED,
R2,R_2512_6332Metric,1,Rs,
D14,LED_PLCC_2835,1,LED,
R8,R_2512_6332Metric,1,Rs,
D7,LED_PLCC_2835,1,LED,
D2,LED_PLCC_2835,1,LED,
D1,LED_PLCC_2835,1,LED,
D8,LED_PLCC_2835,1,LED,
J1,Harwin_M20-89020xx_1x20_P2.54mm_Horizontal,1,Conn_01x20_Male,
R10,R_2512_6332Metric,1,Rs,
D12,LED_PLCC_2835,1,LED,
H2,MountingHole_3.2mm_M3_DIN965_Pad,1,MountingHole,
H3,MountingHole_3.2mm_M3_DIN965_Pad,1,MountingHole,
R5,R_2512_6332Metric,1,Rs,
R3,R_2512_6332Metric,1,Rs,
D5,LED_PLCC_2835,1,LED,
H1,MountingHole_3.2mm_M3_DIN965_Pad,1,MountingHole,
R1,R_2512_6332Metric,1,Rs,
D9,LED_PLCC_2835,1,LED,
D11,LED_PLCC_2835,1,LED,
H4,MountingHole_3.2mm_M3_DIN965_Pad,1,MountingHole,
D20,LED_PLCC_2835,1,LED,
D13,LED_PLCC_2835,1,LED,
R7,R_2512_6332Metric,1,Rs,
D4,LED_PLCC_2835,1,LED,
D18,LED_PLCC_2835,1,LED,
D19,LED_PLCC_2835,1,LED,
